y = GDP per Capita (PPP),Coefficient,SE,t-stat,p-value,signficance
Trade Freedom,-3.076744557,164.9698234,-0.018650348,0.98514,
Property Rights,515.1558047,131.2175248,3.92596801,0.00013,***
Judical Effectiveness,233.8672338,99.53199811,2.349668833,0.01997,*
Fiscal Health,11.25023072,51.64183358,0.217851109,0.82781,
Investment Freedom ,-72.59677657,86.18516476,-0.842334951,0.40082,
Financial Freedom,222.8338025,120.3674707,1.851279263,0.06592,
Inflation (%),215.0603169,119.4884914,1.79984126,0.07371,
Public Debt (% of GDP),-79.67608949,45.08728256,-1.767152176,0.07905,
Constant,-22337.14233,10090.24194,-2.213737041,0.02822,*
