,count,mean,std,min,25%,50%,75%,max
Effective Federal Funds Rate Diff-in-Diff (%),203.0,-0.03794922160494741,1.4242671049155364,-3.588387096774189,-0.24405913978494387,0.07870967741935464,0.3788333333333332,4.05225806451613
Currency in Circulation / Total Assets Diff-in-Diff,203.0,-0.44538054051352055,16.960381511515077,-51.909298879316964,-2.4690698774039816,0.24599201550139682,3.2763891957142164,55.26520011329892
Loss Function Diff-in-Diff,201.0,1.1772946296446045,27.035292024689994,-117.80548582992192,-2.8450609923557977,-0.5915956894630527,0.1592711179831765,232.39152281547985
Unemployment Loss Diff-in-Diff,203.0,-0.10147783251231539,3.0617324713291527,-19.800000000000004,-0.2999999999999998,0.10000000000000053,0.5500000000000003,11.400000000000002
Inflation Loss Diff-in-Diff,201.0,0.03294303734156467,0.9395243331220202,-1.8238694127568733,-0.6319818936143307,-0.04785445040003111,0.4435309059580117,3.0667676355739193
