,count,mean,std,min,25%,50%,75%,max
Effective Federal Funds Rate Diff (%),215.0,-0.05964190333297607,1.2309943178575922,-4.099000000000002,-0.11698924731182803,0.034516129032258064,0.6286666666666664,2.070322580645162
Currency in Circulation / Total Assets Diff,215.0,-3.707889480968926,11.677200394906619,-53.11032357428742,-3.699324404599924,-0.421157898669847,1.9914906613046846,6.997504885223179
Loss Function Diff,213.0,-0.028153038315399954,17.311742576020713,-117.81162975286881,-0.006143922946883341,1.0003855685312923,4.345547659531672,114.57989306261105
Unemployment Loss Diff,215.0,-0.03302325581395358,2.051048893829009,-8.700000000000001,-0.7000000000000002,-0.5,-0.09999999999999964,11.100000000000001
Inflation Loss Diff,213.0,0.040724487311028255,0.6019636123315267,-1.6194357800627834,-0.31301952006115297,0.028922747145077032,0.3630297252509296,2.454967342422454
