,count,mean,std,min,25%,50%,75%,max
Effective Federal Funds Rate (%),226.0,1.2969922481410487,1.5855049257095466,0.04900000000000003,0.12274193548387094,0.39661290322580656,1.9724569892473118,5.258928571428571
Currency in Circulation / Total Assets,226.0,53.809795249529756,26.948344245599323,26.073037879734194,33.17270826281486,40.14948673062527,92.66001516520538,95.2696520729274
Loss Function,225.0,-8.862025342704305,14.256242743922211,-117.8176217724303,-13.295694689655594,-2.5481509871740275,-0.40517642114725055,1.1907996921408013
Unemployment Loss,226.0,2.1407079646017704,2.050891932496866,-4.0,0.7000000000000002,1.5999999999999996,3.5749999999999997,10.8
Inflation Loss,225.0,-0.24018389792845904,0.47091621763676506,-1.3744782916494929,-0.5020794556902279,-0.29369640173282185,0.04405737704917989,1.6219740109326048
