Trade Freedom = Inflation (%) = 0,
f-stat,1.7553677630373634
p-value,0.17601758952443758
dfn,2.0
dfd,167.0
