Inflation (%) = 0,
f-stat,3.364333823522075
p-value,0.06840218581906843
dfn,1.0
dfd,167.0
