,Trade Freedom,Property Rights,Inflation (%),Public Debt (% of GDP),Constant
Trade Freedom,24930.4531064583,-9428.587294199979,-7.911424188008427,746.8191892113725,-1441626.2439582276
Property Rights,-9428.58729419997,7691.569779874751,2454.380917075946,-710.2881132758881,336864.5846393751
Inflation (%),-7.911424188004726,2454.380917075945,13712.250603965302,-100.25594085345507,-183672.106929707
Public Debt (% of GDP),746.8191892113755,-710.2881132758894,-100.2559408534552,1312.1370185635126,-89810.8187765392
Constant,-1441626.2439582283,336864.5846393756,-183672.10692970676,-89810.81877653906,99210638.864699
