,Beta Estimates,t-stats,p-values,Standard Errors
Judicial Effectiveness,-0.030384556910046722,-1.7106179052094221,0.08900860480996506,0.017762328347853285
Gov't Expenditure % of GDP ,-0.027804832666364458,-1.422966829664928,0.15661113959179743,0.019540042737968655
Population (Millions),0.004268108272948045,3.0675960189141707,0.002518179755284213,0.0013913527878611658
Property Rights,-0.023749026167411997,-1.1246612812288597,0.2623464826761273,0.021116603339863052
Business Freedom,0.10114808769984358,6.270094228017441,2.9735611015331505e-09,0.016131828968035444
