,EFW,Size of Government,Legal System & Property Rights,Sound Money,Freedom to trade internationally,Regulation
mean,6.603939681850171,6.360610586753856,5.225780905456336,7.792125633545601,6.910343377501284,6.736986036983584
median,6.7358620988074565,6.418790035322509,5.171315034721116,8.117129370302408,7.108596922220091,6.834148742180185
variance,1.170003066129826,1.5034617540914372,2.856714659763094,3.1971657807241627,2.1391432342199357,1.349708361874199
standard deviation,1.0818453370221202,1.2263596984177547,1.6904608191682555,1.7883571509362417,1.4628224277615631,1.1619612546206628
skewness,-0.7089397583500917,-0.2522381476023393,0.20393980782076393,-1.4602652437231605,-1.2921361047119853,-0.4977160670615313
kurtosis,0.7308875669463157,-0.025778261385203116,-0.53133890206154,3.1462479084699053,2.678149400482063,0.2887505940321802
