,Trade Freedom,Property Rights,Inflation (%),Public Debt (% of GDP),Constant
Trade Freedom,24930.453106458244,-9428.58729419994,-7.911424187996204,746.8191892113687,-1441626.2439582255
Property Rights,-9428.587294199931,7691.56977987472,2454.380917075935,-710.2881132758853,336864.58463937376
Inflation (%),-7.91142418799164,2454.3809170759328,13712.250603965296,-100.25594085345406,-183672.10692970737
Public Debt (% of GDP),746.8191892113717,-710.2881132758864,-100.25594085345418,1312.1370185635124,-89810.81877653906
Constant,-1441626.2439582262,336864.5846393742,-183672.10692970714,-89810.81877653893,99210638.86469892
