,Trade Freedom,Property Rights,Judical Effectiveness,Fiscal Health,Investment Freedom ,Financial Freedom,Inflation (%),Public Debt (% of GDP),Constant
Trade Freedom,27215.042623279263,-6980.319836949638,601.9899845954303,-1769.9926332443206,-699.8343936203622,-3938.253881782555,-1284.0295795782913,-141.01351019861306,-1366209.4134274656
Property Rights,-6980.319836949543,17218.038811475395,-8373.62849705141,-922.2092268681905,666.0806321777917,-4953.475519604708,1893.1095997779025,-1152.8412822968269,315303.92481493676
Judical Effectiveness,601.9899845954108,-8373.628497051403,9906.618647213696,-167.37172451703054,-439.709998857539,-106.84297229043588,-418.0691376072412,-136.4682140641975,2845.2442772670997
Fiscal Health,-1769.9926332444138,-922.2092268681595,-167.37172451702997,2666.878975488,-336.17204951764245,1219.1497473530037,685.0224397167212,1382.434987119782,-107264.04730739184
Investment Freedom ,-699.8343936202601,666.0806321777682,-439.7099988575395,-336.1720495176527,7427.882624106324,-6374.207474644096,2084.8781523267194,-741.9946699671725,-24473.279264008786
Financial Freedom,-3938.253881782642,-4953.4755196046735,-106.84297229043841,1219.1497473529987,-6374.20747464408,14488.328008084633,-301.054579178495,1146.2021167501537,82774.04768753586
Inflation (%),-1284.029579578274,1893.1095997779134,-418.0691376072442,685.0224397167103,2084.878152326725,-301.0545791785088,14277.49957499016,97.59285028786245,-202767.26360968268
Public Debt (% of GDP),-141.01351019877154,-1152.8412822967875,-136.46821406419528,1382.4349871197949,-741.9946699671681,1146.2021167501741,97.5928502878743,2032.8630483504894,-139302.1790954219
Constant,-1366209.4134274565,315303.92481493903,2845.244277265954,-107264.0473073971,-24473.27926400399,82774.04768753058,-202767.2636096826,-139302.17909542963,101812982.3677756
