,EFW,Freedom to trade internationally,Legal System & Property Rights,Regulation,Size of Government,Sound Money
EFW,1.1703893332365047,1.3756933029281058,1.3845083814913872,1.0057065366229219,0.47970194162536456,1.6100401184466233
Freedom to trade internationally,1.3756933029281058,2.1398494551622336,1.544637575482305,1.056374988055624,0.3914315143763985,1.7765659158048626
Legal System & Property Rights,1.3845083814913872,1.544637575482305,2.8576577811430095,1.1538611009387785,-0.18913955725689557,1.5450784984337587
Regulation,1.0057065366229219,1.056374988055624,1.1538611009387785,1.3501539572396246,0.2932849805499186,1.176305196320556
Size of Government,0.47970194162536456,0.3914315143763985,-0.18913955725689557,0.2932849805499186,1.5039581099032864,0.40117326488424315
Sound Money,1.6100401184466233,1.7765659158048626,1.5450784984337587,1.176305196320556,0.40117326488424315,3.1982212993047914
