,Gov't Expenditure % of GDP ,2017 Score,Population (Millions),Property Rights,Business Freedom,Constant
Gov't Expenditure % of GDP ,0.00040150495131549796,0.00038298699097905395,3.3714622487277822e-06,-0.00020360055383202637,-8.989398368734808e-05,-0.020140420331938882
2017 Score,0.00038298699097905243,0.0015736173347580154,7.88656601705249e-06,-0.0006457789834071337,-0.0002199901776543472,-0.060758681513437135
Population (Millions),3.3714622487277793e-06,7.886566017052498e-06,1.4557861717973403e-06,-5.008372707669266e-06,1.6750846008418225e-06,-0.0004969698113913384
Property Rights,-0.00020360055383202624,-0.0006457789834071342,-5.008372707669266e-06,0.00046899013077362594,-0.00011419889554142566,0.02893576792639028
Business Freedom,-8.98939836873473e-05,-0.00021999017765434684,1.6750846008418266e-06,-0.00011419889554142591,0.0004046704106091254,-0.003845417609378832
Constant,-0.02014042033193884,-0.06075868151343716,-0.0004969698113913382,0.028935767926390268,-0.003845417609378811,3.15019204244413
