,Gov't Expenditure % of GDP ,2017 Score,Population (Millions),Property Rights,Business Freedom,Constant
Gov't Expenditure % of GDP ,0.0004015049513154975,0.00038298699097905325,3.3714622487277776e-06,-0.0002036005538320262,-8.989398368734785e-05,-0.020140420331938847
2017 Score,0.0003829869909790522,0.0015736173347580143,7.886566017052485e-06,-0.0006457789834071335,-0.00021999017765434722,-0.06075868151343709
Population (Millions),3.371462248727777e-06,7.886566017052493e-06,1.4557861717973395e-06,-5.008372707669262e-06,1.6750846008418206e-06,-0.0004969698113913381
Property Rights,-0.00020360055383202613,-0.0006457789834071338,-5.008372707669262e-06,0.00046899013077362573,-0.00011419889554142549,0.02893576792639026
Business Freedom,-8.989398368734726e-05,-0.0002199901776543467,1.6750846008418255e-06,-0.00011419889554142585,0.00040467041060912525,-0.00384541760937883
Constant,-0.02014042033193883,-0.06075868151343713,-0.0004969698113913379,0.028935767926390257,-0.0038454176093788033,3.1501920424441288
