,Freedom to trade internationally,Legal System & Property Rights,Regulation,Size of Government,Sound Money,Summary
Freedom to trade internationally,2.7475712005631063,1.7550472008122202,1.2928492757201142,0.31783123269145747,2.0509178164288104,1.6321196798415893
Legal System & Property Rights,1.7550472008122202,2.836749966763285,1.2526229091064511,-0.23103367899835747,1.5446620811520988,1.4354036748465293
Regulation,1.2928492757201142,1.2526229091064511,1.3871037540886346,0.2360229879294034,1.2488358690759294,1.0880664858535503
Size of Government,0.31783123269145747,-0.23103367899835747,0.2360229879294034,1.4545286567102576,0.3133614511406883,0.42125837624161583
Sound Money,2.0509178164288104,1.5446620811520988,1.2488358690759294,0.3133614511406883,3.140008093008468,1.665151749878952
Summary,1.6321196798415893,1.4354036748465293,1.0880664858535503,0.42125837624161583,1.665151749878952,1.2541197059305413
