,EFW,Freedom to trade internationally,Legal System & Property Rights,Regulation,Size of Government,Sound Money
EFW,1.0000000000000002,0.8692903034867534,0.7570512874848485,0.8000450610368309,0.3615667027909138,0.8321799819244136
Freedom to trade internationally,0.8692903034867534,1.0,0.6246401211620886,0.621491012665961,0.21819576036858207,0.6791027042222627
Legal System & Property Rights,0.7570512874848485,0.6246401211620886,1.0,0.5874308850805194,-0.09123456145291327,0.5110827040729686
Regulation,0.8000450610368309,0.621491012665961,0.5874308850805194,1.0,0.20581655568455112,0.5660751796650186
Size of Government,0.3615667027909138,0.21819576036858207,-0.09123456145291327,0.20581655568455112,1.0,0.18291943756044043
Sound Money,0.8321799819244136,0.6791027042222627,0.5110827040729686,0.5660751796650186,0.18291943756044043,1.0
