,Summary,Size of Government,Legal System & Property Rights,Sound Money,Freedom to trade internationally,Regulation
mean,6.64843245367918,6.61356307963257,5.284701020086037,7.791355562169253,6.8048348685140505,6.763505558737364
median,6.782697212986121,6.661603710081294,5.098843444327211,8.115611709517552,7.05025298881993,6.889908806468011
variance,1.2537578710471222,1.4541090004330761,2.8359315161092855,3.1391021472228338,2.746778479501201,1.3867035510436003
standard deviation,1.1198748617281045,1.2060384142763685,1.6842654086465367,1.772006798239913,1.6575799228281893,1.1777536899066097
skewness,-0.6238895230728312,-0.16712283744481998,0.3445124750636984,-1.356161869623642,-1.0539149624334945,-0.5119018532581411
kurtosis,0.2723977817198344,-0.3250237880965412,-0.614256010647511,2.636124577908054,1.4375046835069862,0.12965851609746082
