,Freedom to trade internationally,Legal System & Property Rights,Regulation,Size of Government,Sound Money,Summary
Freedom to trade internationally,1.0,0.6286425802426803,0.662245392058527,0.15898675801805773,0.6982459033606936,0.8792411947390935
Legal System & Property Rights,0.6286425802426803,0.9999999999999999,0.6314738162063404,-0.11373748576275382,0.517556267950767,0.7610164220511435
Regulation,0.662245392058527,0.6314738162063404,0.9999999999999999,0.1661646700184274,0.5983916252725908,0.8249572887635328
Size of Government,0.15898675801805773,-0.11373748576275382,0.1661646700184274,1.0000000000000002,0.1466287205383411,0.3119018225031277
Sound Money,0.6982459033606936,0.517556267950767,0.5983916252725908,0.1466287205383411,1.0,0.8391100804499995
Summary,0.8792411947390935,0.7610164220511435,0.8249572887635328,0.3119018225031277,0.8391100804499995,1.0
