y = GDP per Capita (PPP),Coefficient,SE,t-stat,p-value,signficance
Trade Freedom,60.47038974045951,157.89380325541052,0.38298139948305654,0.70221,
Property Rights,805.6368583853474,87.70159508170161,9.186114091024537,0.0,***
Inflation (%),215.4270910272473,117.09931940009427,1.8396955006305002,0.06757,
Public Debt (% of GDP),-89.62045270304039,36.22343189930397,-2.4741016519962162,0.01434,*
Constant,-24027.12022384576,9960.453747932319,-2.412251573261261,0.01692,*
