y = RGDP Per Capita,Coefficient,SE,t-stat,p-value,signficance
Size of Government,0.0033046568964472285,0.004317884984958755,0.7653415753219269,0.44416,
Legal System & Property Rights,0.015041910037082364,0.005672343051477659,2.651798366314236,0.00807,**
Sound Money,0.006838771303083257,0.0033609024583478066,2.034802077072223,0.04201,*
Freedom to trade internationally,0.008590614802712579,0.005162076530948359,1.6641781173155796,0.09624,
Regulation,0.00044088441446993656,0.005195344801688351,0.0848614348611974,0.93238,
RGDP Per Capita Lag,0.1123900530919152,0.01682033755991605,6.681795338028647,0.0,***
Constant,0.028888852353846865,0.0016750452561644497,17.24661005279171,0.0,***
