y = GDP per Capita (PPP),Coefficient,SE,t-stat,p-value,signficance
Trade Freedom,60.47038974051975,157.89380325542086,0.382981399483413,0.70221,
Property Rights,805.6368583853282,87.70159508170295,9.186114091024178,0.0,***
Inflation (%),215.4270910272503,117.09931940009432,1.8396955006305253,0.06757,
Public Debt (% of GDP),-89.62045270303656,36.223431899303925,-2.4741016519961136,0.01434,*
Constant,-24027.120223848848,9960.45374793296,-2.412251573261416,0.01692,*
