Public Debt (% of GDP) = 0,
f-stat,6.084743395217104
p-value,0.014644832438514999
dfn,1.0
dfd,167.0
