h_0RGDP Per Capita Lag == 0,
f-stat,44.62342268985125
p-value,3.1084579354967445e-11
dfn,1.0
dfd,1943.0
