,Trade Freedom,Property Rights,Inflation (%),Public Debt (% of GDP),Constant
Trade Freedom,24930.453106461555,-9428.587294200948,-7.911424187866348,746.8191892113753,-1441626.2439584257
Property Rights,-9428.587294200832,7691.569779874982,2454.380917075902,-710.2881132758722,336864.5846394279
Inflation (%),-7.911424187745314,2454.380917075859,13712.250603965304,-100.25594085344466,-183672.10692972288
Public Debt (% of GDP),746.8191892114486,-710.288113275897,-100.25594085344339,1312.137018563509,-89810.81877654429
Constant,-1441626.243958437,336864.5846394385,-183672.10692971593,-89810.81877653996,99210638.86471173
