,Size of Government,Legal System & Property Rights,Sound Money,Freedom to trade internationally,Regulation,RGDP Per Capita Lag,Constant
Size of Government,1.864413074333227e-05,-1.2729393477531226e-06,1.5063523302527445e-07,-6.368682380460728e-07,-1.044080186644721e-06,5.571443186692534e-07,-9.569889888355918e-08
Legal System & Property Rights,-1.272939347753123e-06,3.217547569364688e-05,-1.0476662896170321e-07,-2.4943901881184476e-06,-5.254986008660721e-06,-3.3345422378426625e-07,-4.15262758424421e-08
Sound Money,1.5063523302527445e-07,-1.0476662896170324e-07,1.1295665334528329e-05,-1.849407876684122e-06,-6.921262616811461e-07,-2.4892600573072573e-06,-4.3980400976541586e-07
Freedom to trade internationally,-6.36868238046073e-07,-2.4943901881184476e-06,-1.8494078766841218e-06,2.664703411136784e-05,-1.3647377316677586e-06,-9.475786810351877e-08,2.374501170804093e-07
Regulation,-1.044080186644721e-06,-5.254986008660721e-06,-6.921262616811463e-07,-1.3647377316677589e-06,2.6991607608430176e-05,-1.5769332948598527e-06,-6.851507895155527e-07
RGDP Per Capita Lag,5.571443186692537e-07,-3.334542237842662e-07,-2.489260057307255e-06,-9.475786810352015e-08,-1.576933294859853e-06,0.00028292375562952263,-1.1941703952455682e-05
Constant,-9.569889888355918e-08,-4.152627584244213e-08,-4.3980400976541597e-07,2.374501170804094e-07,-6.851507895155528e-07,-1.1941703952455672e-05,2.805776610199027e-06
