,Size of Government,Legal System & Property Rights,Sound Money,Freedom to trade internationally,Regulation,RGDP Per Capita Lag,Constant
Size of Government,1.864413074333227e-05,-1.2729393477531222e-06,1.5063523302527443e-07,-6.368682380460727e-07,-1.044080186644721e-06,5.571443186692537e-07,-9.569889888355917e-08
Legal System & Property Rights,-1.2729393477531229e-06,3.217547569364687e-05,-1.0476662896170341e-07,-2.494390188118447e-06,-5.254986008660719e-06,-3.3345422378426625e-07,-4.1526275842442084e-08
Sound Money,1.5063523302527445e-07,-1.0476662896170334e-07,1.129566533452833e-05,-1.849407876684122e-06,-6.921262616811462e-07,-2.489260057307258e-06,-4.3980400976541586e-07
Freedom to trade internationally,-6.368682380460728e-07,-2.494390188118447e-06,-1.8494078766841216e-06,2.6647034111367838e-05,-1.3647377316677584e-06,-9.475786810351848e-08,2.3745011708040926e-07
Regulation,-1.044080186644721e-06,-5.254986008660719e-06,-6.921262616811462e-07,-1.3647377316677584e-06,2.6991607608430176e-05,-1.5769332948598544e-06,-6.851507895155526e-07
RGDP Per Capita Lag,5.571443186692538e-07,-3.3345422378426657e-07,-2.4892600573072577e-06,-9.475786810351807e-08,-1.5769332948598525e-06,0.0002829237556295228,-1.1941703952455679e-05
Constant,-9.569889888355921e-08,-4.1526275842442064e-08,-4.3980400976541586e-07,2.3745011708040926e-07,-6.851507895155527e-07,-1.1941703952455679e-05,2.805776610199027e-06
